{
    "1445286001508614145": {
        "user_id": "1176476598157967380",
        "ticket_type": "hotrokythuat",
        "ingame_name": "fw",
        "issue": "we",
        "claimed_by": null
    },
    "1445286025814605834": {
        "user_id": "1176476598157967380",
        "ticket_type": "hotrokythuat",
        "ingame_name": "fw",
        "issue": "we",
        "claimed_by": null
    },
    "1445286169230446704": {
        "user_id": "1176476598157967380",
        "ticket_type": "napthe",
        "ingame_name": "ưe",
        "issue": "ưew",
        "claimed_by": null
    },
    "1445287061287473172": {
        "user_id": "1176476598157967380",
        "ticket_type": "hotrokythuat",
        "ingame_name": "c",
        "issue": "c",
        "claimed_by": null
    },
    "1445319111994511401": {
        "user_id": "1176476598157967380",
        "ticket_type": "realmsurvival",
        "ingame_name": "vèvwe",
        "issue": null,
        "claimed_by": null
    },
    "1445333400859840577": {
        "user_id": "1176476598157967380",
        "ticket_type": "napthe",
        "ingame_name": "cccc",
        "issue": "ccc",
        "claimed_by": null
    },
    "1445381864604045452": {
        "user_id": "1176476598157967380",
        "ticket_type": "realmsurvival",
        "ingame_name": "drf",
        "issue": null,
        "claimed_by": null
    }
}